
date,production
04/26/2024,13100
04/19/2024,13100
04/12/2024,13100
04/5/2024,13100
03/29/2024,13100
03/22/2024,13100
03/15/2024,13100
03/8/2024,13100
03/1/2024,13200
02/23/2024,13300
02/16/2024,13300
02/9/2024,13300
02/2/2024,13300
01/26/2024,13000
01/19/2024,12300
01/12/2024,13300
01/5/2024,13200
12/29/2023,13200
12/22/2023,13300
12/15/2023,13300
12/8/2023,13100
12/1/2023,13100
11/24/2023,13200
11/17/2023,13200
11/10/2023,13200
11/3/2023,13200
10/27/2023,13200
10/20/2023,13200
10/13/2023,13200
10/6/2023,13200
09/29/2023,12900
09/22/2023,12900
09/15/2023,12900
09/8/2023,12900
09/1/2023,12800
08/25/2023,12800
08/18/2023,12800
08/11/2023,12700
08/4/2023,12600
07/28/2023,12200
07/21/2023,12200
07/14/2023,12300
07/7/2023,12300
06/30/2023,12400
06/23/2023,12200
06/16/2023,12200
06/9/2023,12400
06/2/2023,12400
05/26/2023,12200
05/19/2023,12300
05/12/2023,12200
05/5/2023,12300
04/28/2023,12300
04/21/2023,12200
04/14/2023,12300
04/7/2023,12300
03/31/2023,12200
03/24/2023,12200
03/17/2023,12300
03/10/2023,12200
03/3/2023,12200
02/24/2023,12300
02/17/2023,12300
02/10/2023,12300
02/3/2023,12300
01/27/2023,12200
01/20/2023,12200
01/13/2023,12200
01/6/2023,12200
12/30/2022,12100
12/23/2022,12000
12/16/2022,12100
12/9/2022,12100
12/2/2022,12200
11/25/2022,12100
11/18/2022,12100
11/11/2022,12100
11/4/2022,12100
10/28/2022,11900
10/21/2022,12000
10/14/2022,12000
10/7/2022,11900
09/30/2022,12000
09/23/2022,12000
09/16/2022,12100
09/9/2022,12100
09/2/2022,12100
08/26/2022,12100
08/19/2022,12000
08/12/2022,12100
08/5/2022,12200
07/29/2022,12100
07/22/2022,12100
07/15/2022,11900
07/8/2022,12000
07/1/2022,12100
06/24/2022,12100
06/17/2022,12000
06/10/2022,12000
06/3/2022,11900
05/27/2022,11900
05/20/2022,11900
05/13/2022,11900
05/6/2022,11800
04/29/2022,11900
04/22/2022,11900
04/15/2022,11900
04/8/2022,11800
04/1/2022,11800
03/25/2022,11700
03/18/2022,11600
03/11/2022,11600
03/4/2022,11600
02/25/2022,11600
02/18/2022,11600
02/11/2022,11600
02/4/2022,11600
01/28/2022,11500
01/21/2022,11600
01/14/2022,11700
01/7/2022,11700
12/31/2021,11800
12/24/2021,11800
12/17/2021,11600
12/10/2021,11700
12/3/2021,11700
11/26/2021,11600
11/19/2021,11500
11/12/2021,11400
11/5/2021,11500
10/29/2021,11500
10/22/2021,11300
10/15/2021,11300
10/8/2021,11400
10/1/2021,11300
09/24/2021,11100
09/17/2021,10600
09/10/2021,10100
09/3/2021,10000
08/27/2021,11500
08/20/2021,11400
08/13/2021,11400
08/6/2021,11300
07/30/2021,11200
07/23/2021,11200
07/16/2021,11400
07/9/2021,11400
07/2/2021,11300
06/25/2021,11100
06/18/2021,11100
06/11/2021,11200
06/4/2021,11000
05/28/2021,10800
05/21/2021,11000
05/14/2021,11000
05/7/2021,11000
04/30/2021,10900
04/23/2021,10900
04/16/2021,11000
04/9/2021,11000
04/2/2021,10900
03/26/2021,11100
03/19/2021,11000
03/12/2021,10900
03/5/2021,10900
02/26/2021,10000
02/19/2021,9700
02/12/2021,10800
02/5/2021,11000
01/29/2021,10900
01/22/2021,10900
01/15/2021,11000
01/8/2021,11000
01/1/2021,11000
12/25/2020,11000
12/18/2020,11000
12/11/2020,11000
12/4/2020,11100
11/27/2020,11100
11/20/2020,11000
11/13/2020,10900
11/6/2020,10500
10/30/2020,10500
10/23/2020,11100
10/16/2020,9900
10/9/2020,10500
10/2/2020,11000
09/25/2020,10700
09/18/2020,10700
09/11/2020,10900
09/4/2020,10000
08/28/2020,9700
08/21/2020,10800
08/14/2020,10700
08/7/2020,10700
07/31/2020,11000
07/24/2020,11100
07/17/2020,11100
07/10/2020,11000
07/3/2020,11000
06/26/2020,11000
06/19/2020,11000
06/12/2020,10500
06/5/2020,11100
05/29/2020,11200
05/22/2020,11400
05/15/2020,11500
05/8/2020,11600
05/1/2020,11900
04/24/2020,12100
04/17/2020,12200
04/10/2020,12300
04/3/2020,12400
03/27/2020,13000
03/20/2020,13000
03/13/2020,13100
03/6/2020,13000
02/28/2020,13100
02/21/2020,13000
02/14/2020,13000
02/7/2020,13000
01/31/2020,12900
01/24/2020,13000
01/17/2020,13000
01/10/2020,13000
01/3/2020,12900
12/27/2019,12900
12/20/2019,12900
12/13/2019,12800
12/6/2019,12800
11/29/2019,12900
11/22/2019,12900
11/15/2019,12800
11/8/2019,12800
11/1/2019,12600
10/25/2019,12600
10/18/2019,12600
10/11/2019,12600
10/4/2019,12600
09/27/2019,12400
09/20/2019,12500
09/13/2019,12400
09/6/2019,12400
08/30/2019,12400
08/23/2019,12500
08/16/2019,12300
08/9/2019,12300
08/2/2019,12300
07/26/2019,12200
07/19/2019,11300
07/12/2019,12000
07/5/2019,12300
06/28/2019,12200
06/21/2019,12100
06/14/2019,12200
06/7/2019,12300
05/31/2019,12400
05/24/2019,12300
05/17/2019,12200
05/10/2019,12100
05/3/2019,12200
04/26/2019,12300
04/19/2019,12200
04/12/2019,12100
04/5/2019,12200
03/29/2019,12200
03/22/2019,12100
03/15/2019,12100
03/8/2019,12000
03/1/2019,12100
02/22/2019,12100
02/15/2019,12000
02/8/2019,11900
02/1/2019,11900
01/25/2019,11900
01/18/2019,11900
01/11/2019,11900
01/4/2019,11700
12/28/2018,11700
12/21/2018,11700
12/14/2018,11600
12/7/2018,11600
11/30/2018,11700
11/23/2018,11700
11/16/2018,11700
11/9/2018,11700
11/2/2018,11600
10/26/2018,11200
10/19/2018,10900
10/12/2018,10900
10/5/2018,11200
09/28/2018,11100
09/21/2018,11100
09/14/2018,11000
09/7/2018,10900
08/31/2018,11000
08/24/2018,11000
08/17/2018,11000
08/10/2018,10900
08/3/2018,10800
07/27/2018,10900
07/20/2018,11000
07/13/2018,11000
07/6/2018,10900
06/29/2018,10900
06/22/2018,10900
06/15/2018,10900
06/8/2018,10900
06/1/2018,10800
05/25/2018,10769
05/18/2018,10725
05/11/2018,10723
05/4/2018,10703
04/27/2018,10619
04/20/2018,10586
04/13/2018,10540
04/6/2018,10525
03/30/2018,10460
03/23/2018,10433
03/16/2018,10407
03/9/2018,10381
03/2/2018,10369
02/23/2018,10283
02/16/2018,10270
02/9/2018,10271
02/2/2018,10251
01/26/2018,9919
01/19/2018,9878
01/12/2018,9750
01/5/2018,9492
12/29/2017,9782
12/22/2017,9754
12/15/2017,9789
12/8/2017,9780
12/1/2017,9707
11/24/2017,9682
11/17/2017,9658
11/10/2017,9645
11/3/2017,9620
10/27/2017,9553
10/20/2017,9507
10/13/2017,8406
10/6/2017,9480
09/29/2017,9561
09/22/2017,9547
09/15/2017,9510
09/8/2017,9353
09/1/2017,8781
08/25/2017,9530
08/18/2017,9528
08/11/2017,9502
08/4/2017,9423
07/28/2017,9430
07/21/2017,9410
07/14/2017,9429
07/7/2017,9397
06/30/2017,9338
06/23/2017,9250
06/16/2017,9350
06/9/2017,9330
06/2/2017,9318
05/26/2017,9342
05/19/2017,9320
05/12/2017,9305
05/5/2017,9314
04/28/2017,9293
04/21/2017,9265
04/14/2017,9252
04/7/2017,9235
03/31/2017,9199
03/24/2017,9147
03/17/2017,9129
03/10/2017,9109
03/3/2017,9088
02/24/2017,9032
02/17/2017,9001
02/10/2017,8977
02/3/2017,8978
01/27/2017,8915
01/20/2017,8961
01/13/2017,8944
01/6/2017,8946
12/30/2016,8770
12/23/2016,8766
12/16/2016,8786
12/9/2016,8796
12/2/2016,8697
11/25/2016,8699
11/18/2016,8690
11/11/2016,8681
11/4/2016,8692
10/28/2016,8522
10/21/2016,8504
10/14/2016,8464
10/7/2016,8450
09/30/2016,8467
09/23/2016,8497
09/16/2016,8512
09/9/2016,8493
09/2/2016,8458
08/26/2016,8488
08/19/2016,8548
08/12/2016,8597
08/5/2016,8445
07/29/2016,8460
07/22/2016,8515
07/15/2016,8494
07/8/2016,8485
07/1/2016,8428
06/24/2016,8622
06/17/2016,8677
06/10/2016,8716
06/3/2016,8745
05/27/2016,8735
05/20/2016,8767
05/13/2016,8791
05/6/2016,8802
04/29/2016,8825
04/22/2016,8938
04/15/2016,8953
04/8/2016,8977
04/1/2016,9008
03/25/2016,9022
03/18/2016,9038
03/11/2016,9068
03/4/2016,9078
02/26/2016,9077
02/19/2016,9102
02/12/2016,9135
02/5/2016,9186
01/29/2016,9214
01/22/2016,9221
01/15/2016,9235
01/8/2016,9227
01/1/2016,9219
12/25/2015,9202
12/18/2015,9179
12/11/2015,9176
12/4/2015,9164
11/27/2015,9202
11/20/2015,9165
11/13/2015,9182
11/6/2015,9185
10/30/2015,9160
10/23/2015,9112
10/16/2015,9096
10/9/2015,9096
10/2/2015,9172
09/25/2015,9096
09/18/2015,9136
09/11/2015,9117
09/4/2015,9135
08/28/2015,9218
08/21/2015,9337
08/14/2015,9348
08/7/2015,9395
07/31/2015,9465
07/24/2015,9413
07/17/2015,9558
07/10/2015,9562
07/3/2015,9604
06/26/2015,9595
06/19/2015,9604
06/12/2015,9589
06/5/2015,9610
05/29/2015,9586
05/22/2015,9566
05/15/2015,9262
05/8/2015,9374
05/1/2015,9369
04/24/2015,9373
04/17/2015,9366
04/10/2015,9384
04/3/2015,9404
03/27/2015,9386
03/20/2015,9422
03/13/2015,9419
03/6/2015,9366
02/27/2015,9324
02/20/2015,9285
02/13/2015,9280
02/6/2015,9226
01/30/2015,9177
01/23/2015,9213
01/16/2015,9186
01/9/2015,9192
01/2/2015,9132
12/26/2014,9121
12/19/2014,9127
12/12/2014,9137
12/5/2014,9118
11/28/2014,9083
11/21/2014,9077
11/14/2014,9004
11/7/2014,9063
10/31/2014,8972
10/24/2014,8970
10/17/2014,8934
10/10/2014,8951
10/3/2014,8875
09/26/2014,8837
09/19/2014,8867
09/12/2014,8838
09/5/2014,8590
08/29/2014,8630
08/22/2014,8631
08/15/2014,8577
08/8/2014,8556
08/1/2014,8453
07/25/2014,8443
07/18/2014,8565
07/11/2014,8592
07/4/2014,8514
06/27/2014,8442
06/20/2014,8446
06/13/2014,8477
06/6/2014,8460
05/30/2014,8383
05/23/2014,8472
05/16/2014,8434
05/9/2014,8428
05/2/2014,8350
04/25/2014,8352
04/18/2014,8360
04/11/2014,8301
04/4/2014,8229
03/28/2014,8192
03/21/2014,8190
03/14/2014,8215
03/7/2014,8182
02/28/2014,8077
02/21/2014,8059
02/14/2014,8148
02/7/2014,8132
01/31/2014,8044
01/24/2014,8044
01/17/2014,8052
01/10/2014,8159
01/3/2014,8145
12/27/2013,8121
12/20/2013,8111
12/13/2013,8058
12/6/2013,8075
11/29/2013,8011
11/22/2013,8019
11/15/2013,7974
11/8/2013,7981
11/1/2013,7858
10/25/2013,7853
10/18/2013,7896
10/11/2013,7428
10/4/2013,7809
09/27/2013,7784
09/20/2013,7777
09/13/2013,7827
09/6/2013,7745
08/30/2013,7621
08/23/2013,7609
08/16/2013,7518
08/9/2013,7571
08/2/2013,7560
07/26/2013,7542
07/19/2013,7555
07/12/2013,7490
07/5/2013,7401
06/28/2013,7267
06/21/2013,7261
06/14/2013,7129
06/7/2013,7224
05/31/2013,7300
05/24/2013,7292
05/17/2013,7258
05/10/2013,7321
05/3/2013,7369
04/26/2013,7312
04/19/2013,7326
04/12/2013,7208
04/5/2013,7181
03/29/2013,7151
03/22/2013,7151
03/15/2013,7150
03/8/2013,7159
03/1/2013,7093
02/22/2013,7096
02/15/2013,7118
02/8/2013,7064
02/1/2013,6997
01/25/2013,6993
01/18/2013,6989
01/11/2013,7041
01/4/2013,7002
12/28/2012,6985
12/21/2012,6984
12/14/2012,6863
12/7/2012,6852
11/30/2012,6817
11/23/2012,6818
11/16/2012,6710
11/9/2012,6709
11/2/2012,6677
10/26/2012,6669
10/19/2012,6610
10/12/2012,6606
10/5/2012,6598
09/28/2012,6520
09/21/2012,6509
09/14/2012,6277
09/7/2012,5526
08/31/2012,5486
08/24/2012,6258
08/17/2012,6246
08/10/2012,6181
08/3/2012,6218
07/27/2012,6320
07/20/2012,6364
07/13/2012,6245
07/6/2012,6249
06/29/2012,6094
06/22/2012,6257
06/15/2012,6353
06/8/2012,6236
06/1/2012,6245
05/25/2012,6227
05/18/2012,6239
05/11/2012,6149
05/4/2012,6136
04/27/2012,6121
04/20/2012,6113
04/13/2012,6043
04/6/2012,6040
03/30/2012,6049
03/23/2012,5821
03/16/2012,5826
03/9/2012,5830
03/2/2012,5806
02/24/2012,5814
02/17/2012,5817
02/10/2012,5819
02/3/2012,5763
01/27/2012,5720
01/20/2012,5722
01/13/2012,5726
01/6/2012,5844
12/30/2011,5851
12/23/2011,5846
12/16/2011,5862
12/9/2011,5862
12/2/2011,5861
11/25/2011,5864
11/18/2011,5887
11/11/2011,5894
11/4/2011,5846
10/28/2011,5818
10/21/2011,5876
10/14/2011,5891
10/7/2011,5878
09/30/2011,5800
09/23/2011,5756
09/16/2011,5747
09/9/2011,5083
09/2/2011,5642
08/26/2011,5598
08/19/2011,5591
08/12/2011,5561
08/5/2011,5529
07/29/2011,5523
07/22/2011,5377
07/15/2011,5591
07/8/2011,5578
07/1/2011,5520
06/24/2011,5593
06/17/2011,5650
06/10/2011,5643
06/3/2011,5633
05/27/2011,5609
05/20/2011,5583
05/13/2011,5618
05/6/2011,5609
04/29/2011,5623
04/22/2011,5610
04/15/2011,5625
04/8/2011,5635
04/1/2011,5638
03/25/2011,5568
03/18/2011,5570
03/11/2011,5591
03/4/2011,5593
02/25/2011,5591
02/18/2011,5604
02/11/2011,5610
02/4/2011,5597
01/28/2011,5568
01/21/2011,5321
01/14/2011,5205
01/7/2011,5575
12/31/2010,5598
12/24/2010,5575
12/17/2010,5598
12/10/2010,5604
12/3/2010,5582
11/26/2010,5555
11/19/2010,5581
11/12/2010,5597
11/5/2010,5596
10/29/2010,5593
10/22/2010,5540
10/15/2010,5536
10/8/2010,5528
10/1/2010,5514
09/24/2010,5562
09/17/2010,5556
09/10/2010,5573
09/3/2010,5603
08/27/2010,5602
08/20/2010,5511
08/13/2010,5352
08/6/2010,5239
07/30/2010,5440
07/23/2010,5486
07/16/2010,5460
07/9/2010,5352
07/2/2010,5414
06/25/2010,5257
06/18/2010,5501
06/11/2010,5503
06/4/2010,5445
05/28/2010,5320
05/21/2010,5540
05/14/2010,5516
05/7/2010,5533
04/30/2010,5522
04/23/2010,5488
04/16/2010,5466
04/9/2010,5475
04/2/2010,5473
03/26/2010,5489
03/19/2010,5536
03/12/2010,5540
03/5/2010,5527
02/26/2010,5510
02/19/2010,5505
02/12/2010,5482
02/5/2010,5475
01/29/2010,5403
01/22/2010,5421
01/15/2010,5404
01/8/2010,5496
01/1/2010,5507
12/25/2009,5512
12/18/2009,5524
12/11/2009,5524
12/4/2009,5538
11/27/2009,5561
11/20/2009,5433
11/13/2009,5317
11/6/2009,5506
10/30/2009,5391
10/23/2009,5357
10/16/2009,5371
10/9/2009,5377
10/2/2009,5360
09/25/2009,5375
09/18/2009,5300
09/11/2009,5304
09/4/2009,5266
08/28/2009,5244
08/21/2009,5173
08/14/2009,5169
08/7/2009,5172
07/31/2009,5246
07/24/2009,5107
07/17/2009,5176
07/10/2009,5171
07/3/2009,5171
06/26/2009,5163
06/19/2009,5257
06/12/2009,5273
06/5/2009,5358
05/29/2009,5358
05/22/2009,5364
05/15/2009,5352
05/8/2009,5306
05/1/2009,5280
04/24/2009,5269
04/17/2009,5421
04/10/2009,5482
04/3/2009,5469
03/27/2009,5480
03/20/2009,5432
03/13/2009,5414
03/6/2009,5401
02/27/2009,5373
02/20/2009,5300
02/13/2009,5323
02/6/2009,5327
01/30/2009,5235
01/23/2009,5045
01/16/2009,5052
01/9/2009,4917
01/2/2009,4935
12/26/2008,4979
12/19/2008,4972
12/12/2008,4967
12/5/2008,5152
11/28/2008,5118
11/21/2008,5006
11/14/2008,4943
11/7/2008,4885
10/31/2008,4776
10/24/2008,4675
10/17/2008,4630
10/10/2008,4572
10/3/2008,4422
09/26/2008,3839
09/19/2008,3932
09/12/2008,3988
09/5/2008,4084
08/29/2008,5097
08/22/2008,4906
08/15/2008,5078
08/8/2008,5139
08/1/2008,5172
07/25/2008,5160
07/18/2008,5165
07/11/2008,5139
07/4/2008,4960
06/27/2008,5123
06/20/2008,5120
06/13/2008,5145
06/6/2008,5114
05/30/2008,5139
05/23/2008,5128
05/16/2008,5045
05/9/2008,5128
05/2/2008,5099
04/25/2008,5098
04/18/2008,5101
04/11/2008,5096
04/4/2008,5097
03/28/2008,5087
03/21/2008,5103
03/14/2008,5100
03/7/2008,5100
02/29/2008,5050
02/22/2008,5044
02/15/2008,5034
02/8/2008,5044
02/1/2008,5013
01/25/2008,4998
01/18/2008,5042
01/11/2008,5013
01/4/2008,5051
12/28/2007,5078
12/21/2007,5117
12/14/2007,5110
12/7/2007,5117
11/30/2007,5133
11/23/2007,5117
11/16/2007,4942
11/9/2007,5134
11/2/2007,5126
10/26/2007,5114
10/19/2007,5122
10/12/2007,5102
10/5/2007,5059
09/28/2007,5064
09/21/2007,5027
09/14/2007,5039
09/7/2007,5129
08/31/2007,5021
08/24/2007,5161
08/17/2007,5119
08/10/2007,5192
08/3/2007,5142
07/27/2007,5206
07/20/2007,5184
07/13/2007,5201
07/6/2007,5198
06/29/2007,5122
06/22/2007,5108
06/15/2007,5093
06/8/2007,5170
06/1/2007,5180
05/25/2007,5148
05/18/2007,5207
05/11/2007,5201
05/4/2007,5131
04/27/2007,5089
04/20/2007,5128
04/13/2007,5125
04/6/2007,5179
03/30/2007,5243
03/23/2007,5218
03/16/2007,5235
03/9/2007,5218
03/2/2007,5267
02/23/2007,5285
02/16/2007,5323
02/9/2007,5316
02/2/2007,5283
01/26/2007,5224
01/19/2007,5241
01/12/2007,5317
01/5/2007,5370
12/29/2006,5369
12/22/2006,5361
12/15/2006,5348
12/8/2006,5357
12/1/2006,5368
11/24/2006,5030
11/17/2006,5269
11/10/2006,5326
11/3/2006,5329
10/27/2006,5307
10/20/2006,5221
10/13/2006,5132
10/6/2006,5253
09/29/2006,5151
09/22/2006,5106
09/15/2006,5109
09/8/2006,5076
09/1/2006,5101
08/25/2006,5099
08/18/2006,5087
08/11/2006,5150
08/4/2006,5144
07/28/2006,4940
07/21/2006,5141
07/14/2006,5265
07/7/2006,5275
06/30/2006,5129
06/23/2006,5162
06/16/2006,5198
06/9/2006,5211
06/2/2006,5097
05/26/2006,5088
05/19/2006,5093
05/12/2006,5069
05/5/2006,5128
04/28/2006,5122
04/21/2006,5127
04/14/2006,5125
04/7/2006,5053
03/31/2006,5024
03/24/2006,5016
03/17/2006,5027
03/10/2006,5154
03/3/2006,5054
02/24/2006,4985
02/17/2006,4997
02/10/2006,5003
02/3/2006,4903
01/27/2006,4862
01/20/2006,5119
01/13/2006,5110
01/6/2006,5023
12/30/2005,4864
12/23/2005,4891
12/16/2005,4890
12/9/2005,4933
12/2/2005,5021
11/25/2005,4765
11/18/2005,4579
11/11/2005,4583
11/4/2005,4306
10/28/2005,4068
10/21/2005,4108
10/14/2005,4147
10/7/2005,3901
09/30/2005,3813
09/23/2005,4348
09/16/2005,4500
09/9/2005,4268
09/2/2005,4360
08/26/2005,5427
08/19/2005,5395
08/12/2005,5359
08/5/2005,5417
07/29/2005,5149
07/22/2005,5448
07/15/2005,4758
07/8/2005,5463
07/1/2005,5498
06/24/2005,5359
06/17/2005,5541
06/10/2005,5542
06/3/2005,5515
05/27/2005,5537
05/20/2005,5539
05/13/2005,5521
05/6/2005,5510
04/29/2005,5423
04/22/2005,5415
04/15/2005,5441
04/8/2005,5428
04/1/2005,5504
03/25/2005,5496
03/18/2005,5480
03/11/2005,5504
03/4/2005,5489
02/25/2005,5492
02/18/2005,5436
02/11/2005,5427
02/4/2005,5421
01/28/2005,5437
01/21/2005,5456
01/14/2005,5417
01/7/2005,5430
12/31/2004,5430
12/24/2004,5421
12/17/2004,5461
12/10/2004,5439
12/3/2004,5396
11/26/2004,5408
11/19/2004,5395
11/12/2004,5391
11/5/2004,5319
10/29/2004,5176
10/22/2004,5110
10/15/2004,5090
10/8/2004,5033
10/1/2004,4656
09/24/2004,4946
09/17/2004,5087
09/10/2004,5337
09/3/2004,5360
08/27/2004,5401
08/20/2004,5113
08/13/2004,5243
08/6/2004,5414
07/30/2004,5367
07/23/2004,5446
07/16/2004,5334
07/9/2004,5485
07/2/2004,5404
06/25/2004,5394
06/18/2004,5434
06/11/2004,5411
06/4/2004,5452
05/28/2004,5460
05/21/2004,5608
05/14/2004,5611
05/7/2004,5626
04/30/2004,5624
04/23/2004,5618
04/16/2004,5588
04/9/2004,5611
04/2/2004,5661
03/26/2004,5658
03/19/2004,5657
03/12/2004,5658
03/5/2004,5675
02/27/2004,5661
02/20/2004,5622
02/13/2004,5658
02/6/2004,5703
01/30/2004,5710
01/23/2004,5709
01/16/2004,5717
01/9/2004,5705
01/2/2004,5664
12/26/2003,5658
12/19/2003,5663
12/12/2003,5592
12/5/2003,5597
11/28/2003,5709
11/21/2003,5683
11/14/2003,5692
11/7/2003,5596
10/31/2003,5550
10/24/2003,5614
10/17/2003,5605
10/10/2003,5559
10/3/2003,5678
09/26/2003,5734
09/19/2003,5739
09/12/2003,5703
09/5/2003,5727
08/29/2003,5723
08/22/2003,5736
08/15/2003,5750
08/8/2003,5747
08/1/2003,5738
07/25/2003,5699
07/18/2003,5777
07/11/2003,5770
07/4/2003,5815
06/27/2003,5867
06/20/2003,5900
06/13/2003,5860
06/6/2003,5803
05/30/2003,5837
05/23/2003,5813
05/16/2003,5807
05/9/2003,5855
05/2/2003,5829
04/25/2003,5766
04/18/2003,5772
04/11/2003,5801
04/4/2003,5866
03/28/2003,5906
03/21/2003,5906
03/14/2003,5886
03/7/2003,5872
02/28/2003,5901
02/21/2003,5898
02/14/2003,5906
02/7/2003,5899
01/31/2003,5764
01/24/2003,5739
01/17/2003,5702
01/10/2003,5728
01/3/2003,5752
12/27/2002,5749
12/20/2002,5758
12/13/2002,5752
12/6/2002,5763
11/29/2002,5740
11/22/2002,5754
11/15/2002,5738
11/8/2002,5349
11/1/2002,5711
10/25/2002,5714
10/18/2002,5721
10/11/2002,5490
10/4/2002,4803
09/27/2002,5190
09/20/2002,5736
09/13/2002,5716
09/6/2002,5773
08/30/2002,5883
08/23/2002,5918
08/16/2002,5907
08/9/2002,5858
08/2/2002,5604
07/26/2002,5844
07/19/2002,5839
07/12/2002,5885
07/5/2002,5898
06/28/2002,5917
06/21/2002,5939
06/14/2002,5910
06/7/2002,5897
05/31/2002,5896
05/24/2002,5890
05/17/2002,5894
05/10/2002,5889
05/3/2002,5879
04/26/2002,5865
04/19/2002,5896
04/12/2002,5922
04/5/2002,5916
03/29/2002,5956
03/22/2002,5948
03/15/2002,5975
03/8/2002,5947
03/1/2002,5966
02/22/2002,5956
02/15/2002,5927
02/8/2002,5952
02/1/2002,5916
01/25/2002,5909
01/18/2002,5911
01/11/2002,5922
01/4/2002,5922
12/28/2001,5902
12/21/2001,5911
12/14/2001,5884
12/7/2001,5856
11/30/2001,5873
11/23/2001,5882
11/16/2001,5872
11/9/2001,5863
11/2/2001,5859
10/26/2001,5879
10/19/2001,5828
10/12/2001,5515
10/5/2001,5736
09/28/2001,5735
09/21/2001,5789
09/14/2001,5814
09/7/2001,5829
08/31/2001,5751
08/24/2001,5796
08/17/2001,5785
08/10/2001,5773
08/3/2001,5745
07/27/2001,5705
07/20/2001,5731
07/13/2001,5770
07/6/2001,5756
06/29/2001,5756
06/22/2001,5740
06/15/2001,5726
06/8/2001,5746
06/1/2001,5823
05/25/2001,5819
05/18/2001,5785
05/11/2001,5780
05/4/2001,5831
04/27/2001,5884
04/20/2001,5861
04/13/2001,5855
04/6/2001,5867
03/30/2001,5883
03/23/2001,5868
03/16/2001,5883
03/9/2001,5868
03/2/2001,5876
02/23/2001,5875
02/16/2001,5857
02/9/2001,5866
02/2/2001,5929
01/26/2001,5935
01/19/2001,5912
01/12/2001,5949
01/5/2001,5944
12/29/2000,5903
12/22/2000,5875
12/15/2000,5897
12/8/2000,5903
12/1/2000,5925
11/24/2000,5883
11/17/2000,5854
11/10/2000,5889
11/3/2000,5903
10/27/2000,5894
10/20/2000,5880
10/13/2000,5864
10/6/2000,5867
09/29/2000,5862
09/22/2000,5680
09/15/2000,5803
09/8/2000,5802
09/1/2000,5783
08/25/2000,5782
08/18/2000,5773
08/11/2000,5745
08/4/2000,5778
07/28/2000,5764
07/21/2000,5769
07/14/2000,5788
07/7/2000,5766
06/30/2000,5732
06/23/2000,5726
06/16/2000,5791
06/9/2000,5804
06/2/2000,5704
05/26/2000,5784
05/19/2000,5793
05/12/2000,5757
05/5/2000,5798
04/28/2000,5838
04/21/2000,5836
04/14/2000,5840
04/7/2000,5820
03/31/2000,5873
03/24/2000,5863
03/17/2000,5859
03/10/2000,5857
03/3/2000,5974
02/25/2000,6007
02/18/2000,5989
02/11/2000,5994
02/4/2000,6011
01/28/2000,5988
01/21/2000,6013
01/14/2000,6019
01/7/2000,6000
12/31/1999,6043
12/24/1999,6058
12/17/1999,6043
12/10/1999,6057
12/3/1999,6087
11/26/1999,6006
11/19/1999,6059
11/12/1999,6128
11/5/1999,6134
10/29/1999,6111
10/22/1999,6101
10/15/1999,6090
10/8/1999,6082
10/1/1999,6032
09/24/1999,5973
09/17/1999,5692
09/10/1999,5917
09/3/1999,6014
08/27/1999,5994
08/20/1999,5970
08/13/1999,5950
08/6/1999,5925
07/30/1999,5898
07/23/1999,5927
07/16/1999,5952
07/9/1999,5808
07/2/1999,5662
06/25/1999,5884
06/18/1999,5926
06/11/1999,5868
06/4/1999,5864
05/28/1999,5845
05/21/1999,5857
05/14/1999,5804
05/7/1999,5835
04/30/1999,5877
04/23/1999,5707
04/16/1999,5849
04/9/1999,5740
04/2/1999,5879
03/26/1999,5864
03/19/1999,5894
03/12/1999,5895
03/5/1999,5920
02/26/1999,5911
02/19/1999,5899
02/12/1999,6052
02/5/1999,6369
01/29/1999,6363
01/22/1999,6352
01/15/1999,6373
01/8/1999,6393
01/1/1999,6342
12/25/1998,6437
12/18/1998,6449
12/11/1998,6390
12/4/1998,6390
11/27/1998,6401
11/20/1998,6399
11/13/1998,6401
11/6/1998,6398
10/30/1998,6417
10/23/1998,6442
10/16/1998,6418
10/9/1998,6368
10/2/1998,5950
09/25/1998,6396
09/18/1998,6411
09/11/1998,6366
09/4/1998,6349
08/28/1998,6346
08/21/1998,6315
08/14/1998,6319
08/7/1998,6336
07/31/1998,6340
07/24/1998,6354
07/17/1998,6351
07/10/1998,6354
07/3/1998,6311
06/26/1998,6269
06/19/1998,6383
06/12/1998,6372
06/5/1998,6333
05/29/1998,6346
05/22/1998,6368
05/15/1998,6378
05/8/1998,6422
05/1/1998,6422
04/24/1998,6397
04/17/1998,6417
04/10/1998,6407
04/3/1998,6443
03/27/1998,6405
03/20/1998,6336
03/13/1998,6420
03/6/1998,6440
02/27/1998,6368
02/20/1998,6415
02/13/1998,6424
02/6/1998,6412
01/30/1998,6377
01/23/1998,6359
01/16/1998,6376
01/9/1998,6430
01/2/1998,6459
12/26/1997,6462
12/19/1997,6463
12/12/1997,6440
12/5/1997,6448
11/28/1997,6416
11/21/1997,6390
11/14/1997,6385
11/7/1997,6418
10/31/1997,6400
10/24/1997,6407
10/17/1997,6408
10/10/1997,6371
10/3/1997,6375
09/26/1997,6396
09/19/1997,6366
09/12/1997,6393
09/5/1997,6362
08/29/1997,6400
08/22/1997,6387
08/15/1997,6221
08/8/1997,6127
08/1/1997,6360
07/25/1997,6337
07/18/1997,6352
07/11/1997,6351
07/4/1997,6338
06/27/1997,6357
06/20/1997,6334
06/13/1997,6415
06/6/1997,6435
05/30/1997,6439
05/23/1997,6423
05/16/1997,6426
05/9/1997,6430
05/2/1997,6409
04/25/1997,6465
04/18/1997,6412
04/11/1997,6433
04/4/1997,6493
03/28/1997,6409
03/21/1997,6391
03/14/1997,6449
03/7/1997,6440
02/28/1997,6501
02/21/1997,6496
02/14/1997,6502
02/7/1997,6483
01/31/1997,6505
01/24/1997,6513
01/17/1997,6476
01/10/1997,6499
01/3/1997,6454
12/27/1996,6506
12/20/1996,6523
12/13/1996,6518
12/6/1996,6534
11/29/1996,6538
11/22/1996,6512
11/15/1996,6531
11/8/1996,6541
11/1/1996,6513
10/25/1996,6514
10/18/1996,6523
10/11/1996,6485
10/4/1996,6485
09/27/1996,6520
09/20/1996,6467
09/13/1996,6498
09/6/1996,6497
08/30/1996,6526
08/23/1996,6481
08/16/1996,6445
08/9/1996,6286
08/2/1996,6297
07/26/1996,6394
07/19/1996,6345
07/12/1996,6499
07/5/1996,6499
06/28/1996,6489
06/21/1996,6452
06/14/1996,6515
06/7/1996,6421
05/31/1996,6392
05/24/1996,6412
05/17/1996,6363
05/10/1996,6065
05/3/1996,6454
04/26/1996,6173
04/19/1996,6425
04/12/1996,6390
04/5/1996,6441
03/29/1996,6440
03/22/1996,6473
03/15/1996,6490
03/8/1996,6461
03/1/1996,6496
02/23/1996,6501
02/16/1996,6511
02/9/1996,6505
02/2/1996,6413
01/26/1996,6405
01/19/1996,6516
01/12/1996,6498
01/5/1996,6464
12/29/1995,6474
12/22/1995,6467
12/15/1995,6411
12/8/1995,6428
12/1/1995,6450
11/24/1995,6484
11/17/1995,6493
11/10/1995,6516
11/3/1995,6539
10/27/1995,6512
10/20/1995,6497
10/13/1995,6404
10/6/1995,6215
09/29/1995,6450
09/22/1995,6414
09/15/1995,6248
09/8/1995,6491
09/1/1995,6507
08/25/1995,6483
08/18/1995,6475
08/11/1995,6476
08/4/1995,6444
07/28/1995,6484
07/21/1995,6417
07/14/1995,6448
07/7/1995,6518
06/30/1995,6545
06/23/1995,6529
06/16/1995,6560
06/9/1995,6593
06/2/1995,6592
05/26/1995,6626
05/19/1995,6598
05/12/1995,6610
05/5/1995,6604
04/28/1995,6539
04/21/1995,6603
04/14/1995,6597
04/7/1995,6554
03/31/1995,6380
03/24/1995,6474
03/17/1995,6632
03/10/1995,6598
03/3/1995,6660
02/24/1995,6546
02/17/1995,6613
02/10/1995,6595
02/3/1995,6662
01/27/1995,6526
01/20/1995,6571
01/13/1995,6672
01/6/1995,6651
12/30/1994,6675
12/23/1994,6703
12/16/1994,6655
12/9/1994,6670
12/2/1994,6472
11/25/1994,6626
11/18/1994,6668
11/11/1994,6616
11/4/1994,6620
10/28/1994,6633
10/21/1994,6703
10/14/1994,6703
10/7/1994,6692
09/30/1994,6640
09/23/1994,6595
09/16/1994,6526
09/9/1994,6545
09/2/1994,6552
08/26/1994,6583
08/19/1994,6540
08/12/1994,6521
08/5/1994,6582
07/29/1994,6566
07/22/1994,6522
07/15/1994,6618
07/8/1994,6591
07/1/1994,6604
06/24/1994,6656
06/17/1994,6648
06/10/1994,6530
06/3/1994,6695
05/27/1994,6629
05/20/1994,6732
05/13/1994,6657
05/6/1994,6706
04/29/1994,6748
04/22/1994,6292
04/15/1994,6711
04/8/1994,6641
04/1/1994,6683
03/25/1994,6599
03/18/1994,6728
03/11/1994,6704
03/4/1994,6763
02/25/1994,6792
02/18/1994,6546
02/11/1994,6802
02/4/1994,6836
01/28/1994,6886
01/21/1994,6845
01/14/1994,6880
01/7/1994,6875
12/31/1993,6857
12/24/1993,6854
12/17/1993,6897
12/10/1993,6923
12/3/1993,6943
11/26/1993,6878
11/19/1993,6847
11/12/1993,6882
11/5/1993,6872
10/29/1993,6868
10/22/1993,6837
10/15/1993,6772
10/8/1993,6654
10/1/1993,6684
09/24/1993,6650
09/17/1993,6706
09/10/1993,6665
09/3/1993,6734
08/27/1993,6790
08/20/1993,6774
08/13/1993,6761
08/6/1993,6753
07/30/1993,6730
07/23/1993,6540
07/16/1993,6643
07/9/1993,6772
07/2/1993,6742
06/25/1993,6749
06/18/1993,6766
06/11/1993,6817
06/4/1993,6789
05/28/1993,6842
05/21/1993,6818
05/14/1993,6846
05/7/1993,6902
04/30/1993,6913
04/23/1993,6912
04/16/1993,6896
04/9/1993,6883
04/2/1993,6971
03/26/1993,6964
03/19/1993,6979
03/12/1993,6981
03/5/1993,7018
02/26/1993,6981
02/19/1993,6960
02/12/1993,7033
02/5/1993,7031
01/29/1993,7035
01/22/1993,7043
01/15/1993,6994
01/8/1993,7015
01/1/1993,6995
12/25/1992,7053
12/18/1992,7098
12/11/1992,7087
12/4/1992,7074
11/27/1992,7064
11/20/1992,6987
11/13/1992,6954
11/6/1992,7011
10/30/1992,7041
10/23/1992,7036
10/16/1992,7032
10/9/1992,7011
10/2/1992,7046
09/25/1992,7049
09/18/1992,7012
09/11/1992,6955
09/4/1992,6847
08/28/1992,6678
08/21/1992,7120
08/14/1992,6990
08/7/1992,7124
07/31/1992,7059
07/24/1992,7095
07/17/1992,7144
07/10/1992,7125
07/3/1992,7221
06/26/1992,7194
06/19/1992,7218
06/12/1992,7228
06/5/1992,7240
05/29/1992,7219
05/22/1992,7205
05/15/1992,7160
05/8/1992,7248
05/1/1992,7235
04/24/1992,7238
04/17/1992,7353
04/10/1992,7277
04/3/1992,7327
03/27/1992,7283
03/20/1992,7324
03/13/1992,7345
03/6/1992,7357
02/28/1992,7365
02/21/1992,7329
02/14/1992,7364
02/7/1992,7382
01/31/1992,7357
01/24/1992,7343
01/17/1992,7235
01/10/1992,7410
01/3/1992,7422
12/27/1991,7449
12/20/1991,7451
12/13/1991,6731
12/6/1991,7376
11/29/1991,7226
11/22/1991,7388
11/15/1991,7426
11/8/1991,7140
11/1/1991,7359
10/25/1991,7384
10/18/1991,7381
10/11/1991,7387
10/4/1991,7381
09/27/1991,7365
09/20/1991,7327
09/13/1991,7267
09/6/1991,7150
08/30/1991,7274
08/23/1991,7215
08/16/1991,7302
08/9/1991,7228
08/2/1991,7342
07/26/1991,7355
07/19/1991,7348
07/12/1991,7365
07/5/1991,7383
06/28/1991,7377
06/21/1991,7338
06/14/1991,7359
06/7/1991,7301
05/31/1991,7323
05/24/1991,7336
05/17/1991,7280
05/10/1991,7303
05/3/1991,7295
04/26/1991,7346
04/19/1991,7370
04/12/1991,7334
04/5/1991,7356
03/29/1991,7383
03/22/1991,7385
03/15/1991,7412
03/8/1991,7394
03/1/1991,7404
02/22/1991,7415
02/15/1991,7427
02/8/1991,7463
02/1/1991,7477
01/25/1991,7219
01/18/1991,7461
01/11/1991,7475
01/4/1991,7481
12/28/1990,7559
12/21/1990,7245
12/14/1990,7474
12/7/1990,6996
11/30/1990,7235
11/23/1990,7440
11/16/1990,6910
11/9/1990,7284
11/2/1990,7342
10/26/1990,7329
10/19/1990,7261
10/12/1990,7261
10/5/1990,7261
09/28/1990,7041
09/21/1990,7041
09/14/1990,6991
09/7/1990,6991
08/31/1990,6971
08/24/1990,6971
08/17/1990,6971
08/10/1990,6971
08/3/1990,6971
07/27/1990,7130
07/20/1990,7130
07/13/1990,7130
07/6/1990,7130
06/29/1990,6981
06/22/1990,6981
06/15/1990,6981
06/8/1990,6981
06/1/1990,7241
05/25/1990,7241
05/18/1990,7241
05/11/1990,7241
05/4/1990,7241
04/27/1990,7310
04/20/1990,7310
04/13/1990,7310
04/6/1990,7310
03/30/1990,7411
03/23/1990,7411
03/16/1990,7411
03/9/1990,7411
03/2/1990,7411
02/23/1990,7399
02/16/1990,7399
02/9/1990,7399
02/2/1990,7399
01/26/1990,7512
01/19/1990,7512
01/12/1990,7512
01/5/1990,7512
12/29/1989,7565
12/22/1989,7565
12/15/1989,7565
12/8/1989,7565
12/1/1989,7601
11/24/1989,7601
11/17/1989,7601
11/10/1989,7601
11/3/1989,7601
10/27/1989,7644
10/20/1989,7644
10/13/1989,7644
10/6/1989,7644
09/29/1989,7641
09/22/1989,7641
09/15/1989,7641
09/8/1989,7641
09/1/1989,7662
08/25/1989,7662
08/18/1989,7662
08/11/1989,7662
08/4/1989,7662
07/28/1989,7622
07/21/1989,7622
07/14/1989,7622
07/7/1989,7622
06/30/1989,7726
06/23/1989,7726
06/16/1989,7726
06/9/1989,7726
06/2/1989,7726
05/26/1989,7843
05/19/1989,7843
05/12/1989,7843
05/5/1989,7843
04/28/1989,7880
04/21/1989,7880
04/14/1989,7880
04/7/1989,7880
03/31/1989,7921
03/24/1989,7921
03/17/1989,7921
03/10/1989,7921
03/3/1989,7921
02/24/1989,7965
02/17/1989,7965
02/10/1989,7965
02/3/1989,7965
01/27/1989,8021
01/20/1989,8021
01/13/1989,8021
01/6/1989,8021
12/30/1988,8035
12/23/1988,8035
12/16/1988,8035
12/9/1988,8035
12/2/1988,8035
11/25/1988,8026
11/18/1988,8026
11/11/1988,8026
11/4/1988,8026
10/28/1988,8085
10/21/1988,8085
10/14/1988,8085
10/7/1988,8085
09/30/1988,8147
09/23/1988,8147
09/16/1988,8147
09/9/1988,8147
09/2/1988,8147
08/26/1988,8128
08/19/1988,8128
08/12/1988,8128
08/5/1988,8128
07/29/1988,8189
07/22/1988,8189
07/15/1988,8189
07/8/1988,8189
07/1/1988,8210
06/24/1988,8210
06/17/1988,8210
06/10/1988,8210
06/3/1988,8210
05/27/1988,8240
05/20/1988,8240
05/13/1988,8240
05/6/1988,8240
04/29/1988,8269
04/22/1988,8269
04/15/1988,8269
04/8/1988,8269
04/1/1988,8306
03/25/1988,8306
03/18/1988,8306
03/11/1988,8306
03/4/1988,8306
02/26/1988,8353
02/19/1988,8353
02/12/1988,8353
02/5/1988,8353
01/29/1988,8395
01/22/1988,8395
01/15/1988,8395
01/8/1988,8395
01/1/1988,8348
12/25/1987,8348
12/18/1987,8348
12/11/1987,8348
12/4/1987,8348
11/27/1987,8283
11/20/1987,8283
11/13/1987,8283
11/6/1987,8283
10/30/1987,8281
10/23/1987,8281
10/16/1987,8281
10/9/1987,8281
10/2/1987,8281
09/25/1987,8162
09/18/1987,8162
09/11/1987,8162
09/4/1987,8162
08/28/1987,8204
08/21/1987,8204
08/14/1987,8204
08/7/1987,8204
07/31/1987,8287
07/24/1987,8287
07/17/1987,8287
07/10/1987,8287
07/3/1987,8287
06/26/1987,8303
06/19/1987,8303
06/12/1987,8303
06/5/1987,8303
05/29/1987,8296
05/22/1987,8296
05/15/1987,8296
05/8/1987,8296
05/1/1987,8361
04/24/1987,8361
04/17/1987,8361
04/10/1987,8361
04/3/1987,8361
03/27/1987,8336
03/20/1987,8336
03/13/1987,8336
03/6/1987,8336
02/27/1987,8383
02/20/1987,8383
02/13/1987,8383
02/6/1987,8383
01/30/1987,8354
01/23/1987,8354
01/16/1987,8354
01/9/1987,8354
01/2/1987,8353
12/26/1986,8348
12/19/1986,8348
12/12/1986,8348
12/5/1986,8348
11/28/1986,8321
11/21/1986,8321
11/14/1986,8321
11/7/1986,8321
10/31/1986,8773
10/24/1986,8773
10/17/1986,8773
10/10/1986,8773
10/3/1986,8773
09/26/1986,8671
09/19/1986,8671
09/12/1986,8671
09/5/1986,8671
08/29/1986,8708
08/22/1986,8708
08/15/1986,8708
08/8/1986,8708
08/1/1986,8737
07/25/1986,8737
07/18/1986,8737
07/11/1986,8737
07/4/1986,8737
06/27/1986,8792
06/20/1986,8792
06/13/1986,8792
06/6/1986,8792
05/30/1986,8805
05/23/1986,8805
05/16/1986,8805
05/9/1986,8805
05/2/1986,8805
04/25/1986,8815
04/18/1986,8815
04/11/1986,8815
04/4/1986,8815
03/28/1986,8939
03/21/1986,8939
03/14/1986,8939
03/7/1986,8939
02/28/1986,8939
02/21/1986,8940
02/14/1986,8940
02/7/1986,8940
01/31/1986,8942
01/24/1986,8942
01/17/1986,8942
01/10/1986,8942
01/3/1986,8942
12/27/1985,8930
12/20/1985,8930
12/13/1985,8930
12/6/1985,8930
11/29/1985,8932
11/22/1985,8932
11/15/1985,8932
11/8/1985,8932
11/1/1985,8932
10/25/1985,8943
10/18/1985,8943
10/11/1985,8943
10/4/1985,8943
09/27/1985,8874
09/20/1985,8874
09/13/1985,8874
09/6/1985,8874
08/30/1985,8895
08/23/1985,8895
08/16/1985,8895
08/9/1985,8895
08/2/1985,8895
07/26/1985,8904
07/19/1985,8904
07/12/1985,8904
07/5/1985,8904
06/28/1985,8965
06/21/1985,8965
06/14/1985,8965
06/7/1985,8965
05/31/1985,8969
05/24/1985,8969
05/17/1985,8969
05/10/1985,8969
05/3/1985,8969
04/26/1985,8842
04/19/1985,8842
04/12/1985,8842
04/5/1985,8842
03/29/1985,8927
03/22/1985,8927
03/15/1985,8927
03/8/1985,8927
03/1/1985,8927
02/22/1985,8928
02/15/1985,8928
02/8/1985,8928
02/1/1985,8928
01/25/1985,8929
01/18/1985,8929
01/11/1985,8929
01/4/1985,8929
12/28/1984,8797
12/21/1984,8797
12/14/1984,8797
12/7/1984,8797
11/30/1984,8846
11/23/1984,8846
11/16/1984,8846
11/9/1984,8846
11/2/1984,8846
10/26/1984,8847
10/19/1984,8847
10/12/1984,8847
10/5/1984,8847
09/28/1984,8759
09/21/1984,8759
09/14/1984,8759
09/7/1984,8759
08/31/1984,8781
08/24/1984,8781
08/17/1984,8781
08/10/1984,8781
08/3/1984,8781
07/27/1984,8769
07/20/1984,8769
07/13/1984,8769
07/6/1984,8769
06/29/1984,8743
06/22/1984,8743
06/15/1984,8743
06/8/1984,8743
06/1/1984,8743
05/25/1984,8753
05/18/1984,8753
05/11/1984,8753
05/4/1984,8753
04/27/1984,8688
04/20/1984,8688
04/13/1984,8688
04/6/1984,8688
03/30/1984,8718
03/23/1984,8718
03/16/1984,8718
03/9/1984,8718
03/2/1984,8718
02/24/1984,8726
02/17/1984,8726
02/10/1984,8726
02/3/1984,8726
01/27/1984,8659
01/20/1984,8659
01/13/1984,8659
01/6/1984,8659
12/30/1983,8612
12/23/1983,8612
12/16/1983,8612
12/9/1983,8612
12/2/1983,8612
11/25/1983,8624
11/18/1983,8624
11/11/1983,8624
11/4/1983,8624
10/28/1983,8654
10/21/1983,8654
10/14/1983,8654
10/7/1983,8654
09/30/1983,8666
09/23/1983,8666
09/16/1983,8666
09/9/1983,8666
09/2/1983,8666
08/26/1983,8653
08/19/1983,8653
08/12/1983,8653
08/5/1983,8653
07/29/1983,8647
07/22/1983,8647
07/15/1983,8647
07/8/1983,8647
07/1/1983,8676
06/24/1983,8676
06/17/1983,8676
06/10/1983,8676
06/3/1983,8676
05/20/1983,8682
05/13/1983,8682
04/29/1983,8686
04/15/1983,8686
04/8/1983,8686
04/1/1983,8677
03/25/1983,8677
03/18/1983,8677
03/11/1983,8677
03/4/1983,8677
02/25/1983,8660
02/18/1983,8660
02/11/1983,8660
02/4/1983,8660
01/28/1983,8634
01/21/1983,8634
01/14/1983,8634
01/7/1983,8634